9cf2341422b4b7102496417223d26a7d876ee8bf	actions/vidiff/PrintToSingleFileHtml/Append log.vi
7564b7b7449b2ee3498c195d1f70cf0f7ee37942	actions/vidiff/PrintToSingleFileHtml/Create output file.vi
f0c983dcf84dcc8fe1cdf2d87118ee0687885a88	actions/vidiff/PrintToSingleFileHtml/GetHelp.vi
f0c1327ea58f7514e0f2e9e9cb06957b70f48e48	actions/vidiff/PrintToSingleFileHtml/Make path absolute.vi
dfa07a9a6bb22d9f316c7afa0802947582fc69d3	actions/vidiff/PrintToSingleFileHtml/Open VI.vi
05a6a883f1f91a35839497938f3b4fd865c67f5b	actions/vidiff/PrintToSingleFileHtml/Parse inputs.vi
dc1ed5f03b1b34454bcb6c3c5f416b680194ccb3	actions/vidiff/PrintToSingleFileHtml/Print to temp file.vi
c18c25b68f425dd04243dfd59cca3f3d035f5305	actions/vidiff/PrintToSingleFileHtml/RunOperation.vi
85082a59e97fcbce60a286da2838c1dca97abd2d	actions/vidiff/PrintToSingleFileHtml/base64_fast_encode.vi
9d47f1e7f4aa661ec0a84e4954158a2cddf1a620	example/Basic Functions/Add.vi
9d94550a7b5194b22e19a194a7d74dd7badaa76d	example/Basic Functions/Array of Waveforms.vi
f562ae37b12c3119ecf89e4eb2f52c08f86b5001	example/Basic Functions/Divide.vi
ae1a11e41295a40a100c52119673d64eedfc6487	example/Basic Functions/Multiply.vi
afcf0ebe67d5ee2819059da0475c230887e07adb	example/Basic Functions/Subtract.vi
9b687415a119c7c7cf834149397b0a2ccae3a599	example/Basic Functions/Waveforms.vi
5d2c10cba263daa59b07d1c7786ae6064a05775c	example/Curriculum Launcher.vi
ad616954b64c59f116886226eb196c726ad52559	example/Curriculum/Generator API/Generator Driver Template 1.vi
1a9c2b45df885cc438114985008681fa4ab82570	example/Curriculum/Generator API/Generator Driver Template 2.vi
7414473ebeacb9823239fb018f1ac770a059680f	example/Curriculum/Generator API/Generator Driver Template 3.vi
7399f86fb870ceecdd963fd1dcb80761d3ff9774	example/Curriculum/Generator API/Generator Driver Template 4.vi
ca188217d2e4eda865ecc02538c0dddb843487ad	example/Curriculum/Generator API/Generator Driver Template 5.vi
bab624ea0bbccdf0c620ba6391bac673104b350c	example/Curriculum/Generator API/subVIs/Demo/Demo PID Control.vi
dc7a619c51e034136cd87a296f0aab294bcbacf1	example/Curriculum/Generator API/subVIs/Private/Default Instrument Setup.vi
da7959aa2b839fd58f3af0d62503a7092ad220da	example/Curriculum/Generator API/subVIs/Public/Action-Status/Init.vi
b5355aeffcf2ce2ecf97d2fd5046cd2abeffc110	example/Curriculum/Generator API/subVIs/Public/Action-Status/Motor Off.vi
4a24495333f5251aadcb7d36064fbfa8ad8406ac	example/Curriculum/Generator API/subVIs/Public/Action-Status/Motor On.vi
b4a1a401d5acc8934e3773bd582a434ccf5bda21	example/Curriculum/Generator API/subVIs/Public/Close.vi
3f05a15b596de617a1b3a87181dfc3e7021523e5	example/Curriculum/Generator API/subVIs/Public/Configure/Set Load.vi
0c4f6cfc5ac86a1eed6eee7728a0a32acf2b6351	example/Curriculum/Generator API/subVIs/Public/Configure/Set Speed.vi
e24ad6fad6d12dd9a6bee91d7377fdd423546b44	example/Curriculum/Generator API/subVIs/Public/Data/Get KW.vi
43abb77c60babecf131784c538c553b0740c4cd5	example/Curriculum/Generator API/subVIs/Public/Data/Get Value.vi
d9ab49c61b2e73bd91278debabee84d47eb525fd	example/Curriculum/Generator API/subVIs/Public/Initialize.vi
50478f8dae69c6ce23bf44083bd4a8082f5a62c4	example/Curriculum/Generator API/subVIs/Public/Utility/Error Query.vi
d6b16fc1cd55b610ad455c6a8bea6c8f5bc600a3	example/Curriculum/Generator API/subVIs/Public/Utility/Reset.vi
aca840c5cdd1e5f1ff5d11ce2398085da81b078e	example/Curriculum/Generator API/subVIs/Public/Utility/Revision Query.vi
64fbbfb05fc6f447bf490901ed2e5df8acef715c	example/Curriculum/Generator API/subVIs/Public/Utility/Self-Test.vi
743f4b0da0b3e399417a763e16396408a67136f9	example/Curriculum/Generator API/subVIs/Public/VI Tree.vi
29fd4fac29848a8aaad2815eaaa1af768364f964	example/Curriculum/Generator Lessons/Generator Lesson 1.vi
b06d1faf5b5fd64d36a7cda060383b1faf75782a	example/Curriculum/Generator Lessons/Generator Lesson 2.vi
765532d6a4229de63be8b9224ded235e370c539d	example/Curriculum/Generator Lessons/Generator Lesson 3.vi
5242f4ac40dc5ddd8e2ad9677013d691c2b98f7f	example/Curriculum/Generator Lessons/Generator Lesson 4.vi
cfc287287da4da2cc2b71780de7a1a3ec4b63574	example/Curriculum/Generator Lessons/Generator Lesson 5.vi
fd931b47f0ec991932a17b843e87cb50df6e113d	example/Curriculum/Generator Lessons/Generator Lesson 6.vi
8edf60cdb325ee0867611210e1ca874071882f50	example/Curriculum/Generator Lessons/Generator Lesson 7.vi
cbd183ae8ba3e99c117200c75c366aa4b44a9ff5	example/Curriculum/Generator Lessons/subVIs/Command with Return Value.vi
e9d65e5050deae52ccd4fd4f392b431f85813867	example/Curriculum/Generator Lessons/subVIs/Confirm USB Devices and IO.vi
a66d3ae0596c31a2b72329cce64bd44682e35967	example/Curriculum/Generator Lessons/subVIs/Get All Values.vi
4b17d3253604b1c4a78dcc51aaffd5898f9e6a12	example/Curriculum/Generator Lessons/subVIs/USB Device Filter.vi
de4b9287405405a9718e76b57d60992462df0c16	example/Curriculum/Generator Lessons/subVIs/balance grid.vi
979cbb915827a25cd0dc9f4d9f6ae70a21d91b9c	example/Curriculum/Main Power Grid/Main Power Grid.vi
6593a1b255cfa73dfd594ec47346e6d65010a56e	example/Curriculum/Solar Lessons/Solar Example.vi
d94d804efa6b2dcb7bafc437ea31d54a0e5add79	example/Find Curriculum.vi
7ead7391057bfa5f3024c9ed955b01a08aee5246	example/Graph Popup.vi
b1a672d5ec15c771c8018eee61f6bd696062e234	example/Simple Solar Tracker v4.vi
68985c993d41f6fa21402a96831ef904c2fb7c02	example/Status String Update.vi
811eec3677ffa1179e3fd92dc9227adc5cf6cde3	example/User-Defined Test/User-Defined Test Advanced.vi
4e10cf38e4213096ed81f5daa2ba3fca17e3e7a2	example/User-Defined Test/User-Defined Test Basic.vi
6aded9ddb3730677fd5a3c088253078156a999a5	example/User-Defined Test/VI Under Test.vi
5181a84d9b67b5ab0a3fc1fefa6c3487ff554c2a	example/main.vi
